75888,en,https://www.booking.com/hotel/at/grand-ferdinand.html
75889,en,https://www.booking.com/hotel/at/prizeotel-vienna-city.html
75890,en,https://www.booking.com/hotel/at/motel-one-wien-hauptbahnhof-wien17.html
75891,en,https://www.booking.com/hotel/at/motel-one-wien-westbahnhof.html
75892,en,https://www.booking.com/hotel/at/ibis-wien-sankt-marx.html
75893,en,https://www.booking.com/hotel/at/leonardo-vienna.html
75894,en,https://www.booking.com/hotel/at/acom-vienna.html
75895,en,https://www.booking.com/hotel/at/the-social-hub-vienna.html
75896,en,https://www.booking.com/hotel/at/b-amp-b-wien-hbf.html
75897,en,https://www.booking.com/hotel/at/hilton-vienna.html
75898,en,https://www.booking.com/hotel/at/superbude-hostel-wien-prater.html
75899,en,https://www.booking.com/hotel/at/atlantishotelvienna.html
75900,en,https://www.booking.com/hotel/at/imlauer-nestroy.html
75901,en,https://www.booking.com/hotel/at/ibis-wien-hauptbahnhof.html
75902,en,https://www.booking.com/hotel/at/leonardo-wien-otto-wagner.html
75903,en,https://www.booking.com/hotel/at/ibis-budget-wien-messe.html
75904,en,https://www.booking.com/hotel/at/arcotelwimberger.html
75905,en,https://www.booking.com/hotel/at/allalenz.html
75906,en,https://www.booking.com/hotel/at/lenas-donau.html
75907,en,https://www.booking.com/hotel/at/jufa-wien.html
75908,en,https://www.booking.com/hotel/at/austria-trend-parkhotel-schoenbrunn.html
75909,en,https://www.booking.com/hotel/at/star-inn-premium-wien-hauptbahnhof.html
75910,en,https://www.booking.com/hotel/at/hotelgeblergassevienna.html
75911,en,https://www.booking.com/hotel/at/meininger-downtown-franz.html
75912,en,https://www.booking.com/hotel/at/hotelpensionkaffeemuehle.html
